{"cameraMode":{"drawMode":0,"name":"Shaded","section":"Shading Mode"},"sceneLighting":false,"audioPlay":false,"sceneViewState":{"showFog":true,"showMaterialUpdate":false,"showSkybox":false,"showFlares":true,"showImageEffects":true,"showParticleSystems":true},"in2DMode":false,"pivot":{"x":0.38989394903182986,"y":0.2011936902999878,"z":0.7053382396697998},"rotation":{"x":-0.07555670291185379,"y":0.4055411219596863,"z":-0.03365978226065636,"w":-0.9103273749351502},"size":0.6299744844436646,"orthographic":false}
