{"cameraMode":{"drawMode":0,"name":"Shaded","section":"Shading Mode"},"sceneLighting":true,"audioPlay":false,"sceneViewState":{"showFog":true,"showMaterialUpdate":false,"showSkybox":false,"showFlares":true,"showImageEffects":true,"showParticleSystems":true},"in2DMode":false,"pivot":{"x":-4.326507568359375,"y":11.060016632080079,"z":-2.323474407196045},"rotation":{"x":-0.22056302428245545,"y":0.6625281572341919,"z":-0.2139148861169815,"w":-0.6831195950508118},"size":29.137603759765626,"orthographic":false}