{"cameraMode":{"drawMode":0,"name":"Shaded","section":"Shading Mode"},"sceneLighting":false,"audioPlay":false,"sceneViewState":{"showFog":true,"showMaterialUpdate":false,"showSkybox":false,"showFlares":true,"showImageEffects":true,"showParticleSystems":true},"in2DMode":false,"pivot":{"x":-0.000048966147005558014,"y":-0.002197139896452427,"z":9.313225746154786e-10},"rotation":{"x":-0.08868101984262467,"y":0.61203932762146,"z":-0.06933838874101639,"w":-0.7827745676040649},"size":0.033993497490882876,"orthographic":false}