{"cameraMode":{"drawMode":0,"name":"Shaded","section":"Shading Mode"},"sceneLighting":false,"audioPlay":false,"sceneViewState":{"showFog":true,"showMaterialUpdate":false,"showSkybox":false,"showFlares":true,"showImageEffects":true,"showParticleSystems":true},"in2DMode":false,"pivot":{"x":-1.1920928955078126e-7,"y":0.8620890378952026,"z":-0.17351609468460084},"rotation":{"x":-0.10063250362873078,"y":0.2873176336288452,"z":-0.03036976233124733,"w":-0.9520507454872131},"size":2.2910616397857668,"orthographic":false}