{"cameraMode":{"drawMode":0,"name":"Shaded","section":"Shading Mode"},"sceneLighting":false,"audioPlay":false,"sceneViewState":{"showFog":true,"showMaterialUpdate":false,"showSkybox":false,"showFlares":true,"showImageEffects":true,"showParticleSystems":true},"in2DMode":false,"pivot":{"x":-1.1920928955078126e-7,"y":0.3185078203678131,"z":-0.05612379312515259},"rotation":{"x":-0.1694721281528473,"y":0.5856965780258179,"z":-0.12686486542224885,"w":-0.782400369644165},"size":1.4539884328842164,"orthographic":false}