{"cameraMode":{"drawMode":0,"name":"Shaded","section":"Shading Mode"},"sceneLighting":true,"audioPlay":false,"sceneViewState":{"showFog":true,"showMaterialUpdate":false,"showSkybox":false,"showFlares":true,"showImageEffects":true,"showParticleSystems":true},"in2DMode":false,"pivot":{"x":6.462059020996094,"y":4.059039115905762,"z":-0.4378681182861328},"rotation":{"x":-0.10357238352298737,"y":0.7575190663337708,"z":-0.12404392659664154,"w":-0.6325000524520874},"size":13.047645568847657,"orthographic":false}