{"cameraMode":{"drawMode":0,"name":"Shaded","section":"Shading Mode"},"sceneLighting":false,"audioPlay":false,"sceneViewState":{"showFog":true,"showMaterialUpdate":false,"showSkybox":false,"showFlares":true,"showImageEffects":true,"showParticleSystems":true},"in2DMode":false,"pivot":{"x":7.275806427001953,"y":1.6116313934326172,"z":-6.359708786010742},"rotation":{"x":-0.05030194669961929,"y":0.9487800598144531,"z":-0.1980726569890976,"w":-0.24094852805137635},"size":18.519447326660158,"orthographic":false}