{"cameraMode":{"drawMode":0,"name":"Shaded","section":"Shading Mode"},"sceneLighting":false,"audioPlay":false,"sceneViewState":{"showFog":true,"showMaterialUpdate":false,"showSkybox":false,"showFlares":true,"showImageEffects":true,"showParticleSystems":true},"in2DMode":false,"pivot":{"x":5.960464477539063e-8,"y":-0.6318910121917725,"z":0.018840551376342775},"rotation":{"x":-0.26617759466171267,"y":0.6299251914024353,"z":-0.24382519721984864,"w":-0.6876748204231262},"size":2.6641101837158205,"orthographic":false}