{"cameraMode":{"drawMode":0,"name":"Shaded","section":"Shading Mode"},"sceneLighting":false,"audioPlay":false,"sceneViewState":{"showFog":true,"showMaterialUpdate":false,"showSkybox":false,"showFlares":true,"showImageEffects":true,"showParticleSystems":true},"in2DMode":false,"pivot":{"x":-0.11479616165161133,"y":-0.1161491870880127,"z":0.003509521484375},"rotation":{"x":-0.1694721281528473,"y":0.5856965780258179,"z":-0.12686486542224885,"w":-0.782400369644165},"size":16.490982055664064,"orthographic":false}