{"cameraMode":{"drawMode":0,"name":"Shaded","section":"Shading Mode"},"sceneLighting":false,"audioPlay":false,"sceneViewState":{"showFog":true,"showMaterialUpdate":false,"showSkybox":false,"showFlares":true,"showImageEffects":true,"showParticleSystems":true},"in2DMode":false,"pivot":{"x":-7.107010364532471,"y":0.7946652173995972,"z":-0.4108591675758362},"rotation":{"x":-0.10063250362873078,"y":0.2873176336288452,"z":-0.03036976233124733,"w":-0.9520507454872131},"size":0.9408535957336426,"orthographic":false}