{"cameraMode":{"drawMode":0,"name":"Shaded","section":"Shading Mode"},"sceneLighting":false,"audioPlay":false,"sceneViewState":{"showFog":true,"showMaterialUpdate":false,"showSkybox":false,"showFlares":true,"showImageEffects":true,"showParticleSystems":true},"in2DMode":false,"pivot":{"x":-2.1305227279663088,"y":-5.945900917053223,"z":-0.1812077760696411},"rotation":{"x":0.01659361831843853,"y":0.9821847677230835,"z":-0.10530678927898407,"w":0.15477916598320008},"size":9.18176555633545,"orthographic":false}