{"cameraMode":{"drawMode":0,"name":"Shaded","section":"Shading Mode"},"sceneLighting":false,"audioPlay":false,"sceneViewState":{"showFog":true,"showMaterialUpdate":false,"showSkybox":true,"showFlares":true,"showImageEffects":true,"showParticleSystems":true},"in2DMode":false,"pivot":{"x":0.9484239816665649,"y":-0.463692307472229,"z":-0.42707157135009768},"rotation":{"x":-0.06546960026025772,"y":-0.883283257484436,"z":0.12970860302448274,"w":-0.44578424096107485},"size":1.2843890190124512,"orthographic":false}