{"cameraMode":{"drawMode":0,"name":"Shaded","section":"Shading Mode"},"sceneLighting":false,"audioPlay":false,"sceneViewState":{"showFog":true,"showMaterialUpdate":false,"showSkybox":false,"showFlares":true,"showImageEffects":true,"showParticleSystems":true},"in2DMode":false,"pivot":{"x":-1.1920928955078126e-7,"y":0.8620890378952026,"z":-0.17351609468460084},"rotation":{"x":0.014783271588385105,"y":-0.9833540916442871,"z":0.15497131645679475,"w":0.09380735456943512},"size":2.2910616397857668,"orthographic":false}