{"cameraMode":{"drawMode":0,"name":"Shaded","section":"Shading Mode"},"sceneLighting":false,"audioPlay":false,"sceneViewState":{"showFog":true,"showMaterialUpdate":false,"showSkybox":false,"showFlares":true,"showImageEffects":true,"showParticleSystems":true},"in2DMode":false,"pivot":{"x":-0.000048966147005558014,"y":-0.002197139896452427,"z":9.313225746154786e-10},"rotation":{"x":-0.29699742794036868,"y":0.039228036999702457,"z":-0.0122140571475029,"w":-0.9539969563484192},"size":-1.7660064697265626,"orthographic":false}