{"cameraMode":{"drawMode":0,"name":"Shaded","section":"Shading Mode"},"sceneLighting":false,"audioPlay":false,"sceneViewState":{"showFog":true,"showMaterialUpdate":false,"showSkybox":false,"showFlares":true,"showImageEffects":true,"showParticleSystems":true},"in2DMode":false,"pivot":{"x":0.06774044036865235,"y":0.5455582141876221,"z":0.19604873657226563},"rotation":{"x":-0.03412424772977829,"y":-0.9602886438369751,"z":0.24142953753471375,"w":-0.1357097029685974},"size":2.556877851486206,"orthographic":false}