{"cameraMode":{"drawMode":0,"name":"Shaded","section":"Shading Mode"},"sceneLighting":false,"audioPlay":false,"sceneViewState":{"showFog":true,"showMaterialUpdate":false,"showSkybox":false,"showFlares":true,"showImageEffects":true,"showParticleSystems":true},"in2DMode":false,"pivot":{"x":0.009733520448207856,"y":0.0006371047347784042,"z":0.012812048196792603},"rotation":{"x":-0.1686808317899704,"y":-0.3541948199272156,"z":0.06511202454566956,"w":-0.9175384640693665},"size":0.04106053709983826,"orthographic":false}